iteration,MSE_train,MSE_tst,acc_train,acc_test,elapsed
0,0.321136146749,0.338650950381,0.356568364611,0.320754716981,0.014654718
10,0.321029665912,0.338524454508,0.359249329759,0.320754716981,0.127665614
20,0.320582541283,0.330882895305,0.359249329759,0.339622641509,0.17895916
30,0.321825665361,0.334871304457,0.353887399464,0.327044025157,0.25135485
40,0.320470866291,0.330655746836,0.359249329759,0.339622641509,0.327766044
50,0.320428061742,0.330622179426,0.359249329759,0.339622641509,0.362823738
60,0.320295553954,0.330227309823,0.356568364611,0.339622641509,0.398299735
70,0.320225361722,0.3302256351,0.356568364611,0.339622641509,0.433474023
80,0.319435429481,0.332830413101,0.359249329759,0.333333333333,0.467856994
90,0.319639767755,0.332546970839,0.359249329759,0.333333333333,0.502762783
100,0.319204477942,0.332718330138,0.359249329759,0.333333333333,0.537243319
110,0.319111801132,0.332767584595,0.359249329759,0.333333333333,0.572035505
120,0.318603792993,0.333062992044,0.361930294906,0.333333333333,0.61077663
130,0.318591958504,0.333056277639,0.361930294906,0.333333333333,0.655437583
140,0.318572471584,0.333073491806,0.361930294906,0.333333333333,0.68974532
150,0.318572471584,0.333073491806,0.361930294906,0.333333333333,0.752779676
160,0.318578404472,0.333070240758,0.361930294906,0.333333333333,0.830493238
170,0.318843273869,0.333018692939,0.361930294906,0.333333333333,0.907905587
180,0.318823838848,0.335048549298,0.361930294906,0.327044025157,0.950451734
190,0.318554235342,0.333085206267,0.361930294906,0.333333333333,0.991818688
200,0.318549430897,0.333085159441,0.361930294906,0.333333333333,1.090372569
210,0.310490311302,0.292803248327,0.359249329759,0.377358490566,1.193667943
220,0.25726244177,0.239520065691,0.45308310992,0.496855345912,1.319620949
230,0.229344758767,0.200428409836,0.530831099196,0.572327044025,1.365000315
240,0.218670341598,0.19833701855,0.54691689008,0.584905660377,1.483587047
250,0.200482305935,0.196116484065,0.592493297587,0.603773584906,1.553369588
260,0.193569711634,0.196878163556,0.605898123324,0.603773584906,1.592926589
270,0.174146556362,0.17090950516,0.648793565684,0.654088050314,1.63335531
280,0.174103736876,0.170708800771,0.648793565684,0.654088050314,1.675001554
290,0.1728986416,0.167206774391,0.654155495979,0.660377358491,1.718172349
300,0.172198112192,0.164605517674,0.654155495979,0.666666666667,1.846017809
310,0.17222169046,0.163808676771,0.654155495979,0.672955974843,1.966451039
320,0.17214973658,0.164533291652,0.654155495979,0.672955974843,2.016367533
330,0.17214973658,0.164533291652,0.654155495979,0.672955974843,2.060418019
340,0.171649533385,0.163901624281,0.654155495979,0.672955974843,2.183036781
350,0.173198716393,0.169241337658,0.651474530831,0.660377358491,2.340021145
360,0.171100314842,0.163647467556,0.656836461126,0.672955974843,2.44811798
370,0.170675355771,0.163265237937,0.659517426273,0.672955974843,2.515299044
380,0.170671376391,0.163501876802,0.659517426273,0.672955974843,2.561467608
390,0.17061518352,0.163466361108,0.659517426273,0.672955974843,2.620127982
400,0.170458526015,0.163195921743,0.659517426273,0.672955974843,2.741173692
410,0.17028801406,0.163391845902,0.659517426273,0.672955974843,2.887795879
420,0.170264621761,0.162856384289,0.659517426273,0.672955974843,2.937599228
430,0.170264621761,0.162856384289,0.659517426273,0.672955974843,2.989831936
440,0.170204779211,0.162932139069,0.659517426273,0.672955974843,3.03511431
450,0.170204779211,0.162932139069,0.659517426273,0.672955974843,3.07881961
460,0.170126931558,0.161987794187,0.659517426273,0.672955974843,3.22131013
470,0.170186111698,0.162794239864,0.659517426273,0.672955974843,3.334389369
480,0.170125123585,0.16278924568,0.659517426273,0.672955974843,3.424784611
490,0.170103034952,0.162624056289,0.659517426273,0.672955974843,3.543702465
500,0.17009800691,0.162479640097,0.659517426273,0.672955974843,3.650192974
510,0.170317813462,0.163295724685,0.659517426273,0.672955974843,3.779305645
520,0.170004665435,0.162305209662,0.659517426273,0.672955974843,3.921871218
530,0.169983389614,0.162186665913,0.659517426273,0.672955974843,4.003502915
540,0.169993357222,0.162143030938,0.659517426273,0.672955974843,4.144305985
550,0.169405423852,0.161013646124,0.659517426273,0.679245283019,4.209216793
560,0.169362748895,0.160823187069,0.659517426273,0.679245283019,4.25026968
570,0.169331577202,0.16050555806,0.662198391421,0.679245283019,4.290546638
580,0.169324562338,0.160577733718,0.659517426273,0.679245283019,4.336987158
590,0.169324562338,0.160577733718,0.659517426273,0.679245283019,4.380016288
600,0.169324562338,0.160577733718,0.659517426273,0.679245283019,4.477363888
610,0.169324562338,0.160577733712,0.659517426273,0.679245283019,4.572484251
620,0.169324562338,0.160577733712,0.659517426273,0.679245283019,4.661753253
630,0.169282588777,0.160664271203,0.659517426273,0.679245283019,4.795789042
640,0.169279676479,0.160664271197,0.659517426273,0.679245283019,4.902470916
650,0.16912539931,0.160552883548,0.662198391421,0.679245283019,5.016958307
660,0.16912539931,0.160552883548,0.662198391421,0.679245283019,5.084706162
670,0.169103284742,0.160552883583,0.662198391421,0.679245283019,5.175980064
680,0.169548902022,0.160385485393,0.659517426273,0.679245283019,5.307251271
690,0.169090979876,0.160465697371,0.662198391421,0.679245283019,5.445338608
700,0.169078844914,0.16044966538,0.662198391421,0.679245283019,5.545015562
710,0.169989144099,0.161172373146,0.659517426273,0.672955974843,5.649343567
720,0.169078664913,0.16046569792,0.662198391421,0.679245283019,5.738389907
730,0.169078664913,0.16046569792,0.662198391421,0.679245283019,5.888344529
740,0.169078664913,0.16046569792,0.662198391421,0.679245283019,5.973684966
750,0.169078664911,0.16046569792,0.662198391421,0.679245283019,6.067358844
760,0.169078664911,0.16046569792,0.662198391421,0.679245283019,6.192631236
770,0.169045443392,0.160458719247,0.662198391421,0.679245283019,6.31849281
780,0.169045443323,0.160455752357,0.662198391421,0.679245283019,6.413714224
790,0.168972479218,0.160442039281,0.662198391421,0.679245283019,6.496690085
800,0.168972479218,0.160442039281,0.662198391421,0.679245283019,6.580819381
810,0.168972201554,0.160442039281,0.662198391421,0.679245283019,6.699314478
820,0.168980924555,0.160527388323,0.662198391421,0.679245283019,6.784538187
830,0.168966588527,0.160483299184,0.662198391421,0.679245283019,6.837023862
840,0.168966588527,0.160483299184,0.662198391421,0.679245283019,6.976095194
850,0.169052093892,0.160390784026,0.662198391421,0.679245283019,7.023797312
860,0.168960382302,0.160463422014,0.662198391421,0.679245283019,7.077739494
870,0.168936413259,0.160377537183,0.662198391421,0.679245283019,7.119766889
880,0.168907149274,0.160377398823,0.662198391421,0.679245283019,7.160964163
890,0.168904150177,0.160377314828,0.662198391421,0.679245283019,7.201784475
900,0.168903884613,0.160377290192,0.662198391421,0.679245283019,7.243732775
910,0.168903884613,0.160377290192,0.662198391421,0.679245283019,7.286457862
920,0.169276240935,0.160377531744,0.659517426273,0.679245283019,7.327277311
930,0.168903866683,0.160377292805,0.662198391421,0.679245283019,7.367812625
940,0.168903865869,0.16037730533,0.662198391421,0.679245283019,7.4649644
950,0.168903865869,0.160377292531,0.662198391421,0.679245283019,7.553258851
960,0.168903781684,0.16037719206,0.662198391421,0.679245283019,7.638778647
970,0.168903788606,0.160377193094,0.662198391421,0.679245283019,7.722837043
980,0.168905380635,0.160377191151,0.662198391421,0.679245283019,7.826478251
990,0.168903771087,0.160375138838,0.662198391421,0.679245283019,7.924370249
1000,0.168903745119,0.160375300248,0.662198391421,0.679245283019,8.010121021
1010,0.169725279179,0.160295859851,0.659517426273,0.679245283019,8.053564157
1020,0.168903745093,0.160375299493,0.662198391421,0.679245283019,8.094928441
1030,0.168903744703,0.160375299493,0.662198391421,0.679245283019,8.136112398
1040,0.168903534157,0.160375285792,0.662198391421,0.679245283019,8.177519845
1050,0.168903534157,0.160375285792,0.662198391421,0.679245283019,8.227623905
1060,0.168903434502,0.160375790808,0.662198391421,0.679245283019,8.278903893
1070,0.168903434502,0.160375790808,0.662198391421,0.679245283019,8.319924848
1080,0.168902819507,0.160376773515,0.662198391421,0.679245283019,8.360680634
1090,0.168902819507,0.160376773515,0.662198391421,0.679245283019,8.401495529
1100,0.168902819507,0.160376773515,0.662198391421,0.679245283019,8.455713505
1110,0.168903880182,0.160376902866,0.662198391421,0.679245283019,8.528646586
1120,0.168902872955,0.160376779969,0.662198391421,0.679245283019,8.601275048
1130,0.168902804524,0.160376756553,0.662198391421,0.679245283019,8.688061599
1140,0.168902802822,0.160376756482,0.662198391421,0.679245283019,8.734483333
1150,0.168902802822,0.160376756482,0.662198391421,0.679245283019,8.778318093
1160,0.168902775129,0.160376831826,0.662198391421,0.679245283019,8.830561605
1170,0.168902775129,0.160376831826,0.662198391421,0.679245283019,8.955357813
1180,0.168902775129,0.160376831826,0.662198391421,0.679245283019,9.059327578
1190,0.168902775129,0.160376831826,0.662198391421,0.679245283019,9.160749098
1200,0.168902775129,0.160376831826,0.662198391421,0.679245283019,9.278195837
1210,0.168902775129,0.160376823697,0.662198391421,0.679245283019,9.319689286
1220,0.168902771592,0.160376067513,0.662198391421,0.679245283019,9.362130816
1230,0.168902771592,0.160376067513,0.662198391421,0.679245283019,9.406232325
1240,0.168902771592,0.160376067513,0.662198391421,0.679245283019,9.457019891
1250,0.168901925894,0.160375680076,0.662198391421,0.679245283019,9.505904855
1260,0.168901558978,0.160375663578,0.662198391421,0.679245283019,9.557071301
1270,0.168901392184,0.160375565592,0.662198391421,0.679245283019,9.613657043
1280,0.17195548404,0.167863058673,0.654155495979,0.660377358491,9.65822002
1290,0.168901344011,0.160375671233,0.662198391421,0.679245283019,9.700243455
1300,0.168917998252,0.16037665672,0.662198391421,0.679245283019,9.741028275
1310,0.168901344011,0.160375671233,0.662198391421,0.679245283019,9.791826025
1320,0.168901344011,0.160375671233,0.662198391421,0.679245283019,9.833181545
1330,0.168901718894,0.160375370204,0.662198391421,0.679245283019,9.910412771
1340,0.168901390414,0.160375622412,0.662198391421,0.679245283019,9.992205905
1350,0.168901218224,0.160373767719,0.662198391421,0.679245283019,10.072121097
1360,0.168901218222,0.160373767719,0.662198391421,0.679245283019,10.11397932
1370,0.168901215451,0.160373915568,0.662198391421,0.679245283019,10.154909275
1380,0.170471562312,0.160723558445,0.656836461126,0.679245283019,10.196141804
1390,0.168901215451,0.160373915568,0.662198391421,0.679245283019,10.236753685
1400,0.170235802039,0.15833370439,0.659517426273,0.679245283019,10.277473036
1410,0.168901214763,0.160333789735,0.662198391421,0.679245283019,10.319480633
1420,0.168901202723,0.160374284644,0.662198391421,0.679245283019,10.359710617
1430,0.168901050368,0.160374086247,0.662198391421,0.679245283019,10.412258534
1440,0.168901050368,0.160374086247,0.662198391421,0.679245283019,10.457097664
1450,0.168901047461,0.160374086247,0.662198391421,0.679245283019,10.498437768
1460,0.168901043608,0.160374086247,0.662198391421,0.679245283019,10.540408848
1470,0.168901078543,0.16037399062,0.662198391421,0.679245283019,10.583151617
1480,0.168901041824,0.16037419319,0.662198391421,0.679245283019,10.623971881
1490,0.16890103556,0.160376568175,0.662198391421,0.679245283019,10.665566228
1500,0.168901031898,0.160376628099,0.662198391421,0.679245283019,10.717731783
1510,0.168901031375,0.160376014461,0.662198391421,0.679245283019,10.824291128
1520,0.168901031367,0.160376014629,0.662198391421,0.679245283019,10.930848062
1530,0.168901029935,0.160376005504,0.662198391421,0.679245283019,10.99599285
1540,0.168926622795,0.160379887131,0.662198391421,0.679245283019,11.142665315
1550,0.168901013278,0.160370210163,0.662198391421,0.679245283019,11.278768884
1560,0.168901013278,0.160370210163,0.662198391421,0.679245283019,11.370074469
1570,0.168901013265,0.16037021015,0.662198391421,0.679245283019,11.508710945
1580,0.168901013265,0.16037021015,0.662198391421,0.679245283019,11.643896761
1590,0.16890226584,0.160368729483,0.662198391421,0.679245283019,11.752800916
1600,0.168901012852,0.160372624852,0.662198391421,0.679245283019,11.799147159
1610,0.168902096655,0.160373174425,0.662198391421,0.679245283019,11.84134236
1620,0.168901012315,0.160344302228,0.662198391421,0.679245283019,11.889242188
1630,0.168901027203,0.160345223925,0.662198391421,0.679245283019,11.930236021
1640,0.168900989592,0.160345219068,0.662198391421,0.679245283019,11.971658804
1650,0.16890098959,0.160343805933,0.662198391421,0.679245283019,12.01197349
1660,0.168900977718,0.16034585848,0.662198391421,0.679245283019,12.052286847
1670,0.168901063711,0.16034934192,0.662198391421,0.679245283019,12.094704612
1680,0.168900977693,0.160346226944,0.662198391421,0.679245283019,12.135764688
1690,0.168900977693,0.160346226944,0.662198391421,0.679245283019,12.183383925
1700,0.168900801859,0.160346649371,0.662198391421,0.679245283019,12.285583786
1710,0.168901962126,0.160334809525,0.662198391421,0.679245283019,12.366544471
1720,0.168900730586,0.16034665209,0.662198391421,0.679245283019,12.413257478
1730,0.16890068038,0.16034666266,0.662198391421,0.679245283019,12.45446672
1740,0.16890068038,0.16034666266,0.662198391421,0.679245283019,12.508570518
1750,0.16890068038,0.16034666266,0.662198391421,0.679245283019,12.641703333
1760,0.16890068038,0.16034666266,0.662198391421,0.679245283019,12.720826419
1770,0.169080860168,0.159993855162,0.662198391421,0.679245283019,12.800579902
1780,0.168900670326,0.16034322926,0.662198391421,0.679245283019,12.910336391
1790,0.168900668543,0.160343229267,0.662198391421,0.679245283019,13.028744445
1800,0.168900668493,0.1603431229,0.662198391421,0.679245283019,13.121399445
1810,0.168900667014,0.16034598901,0.662198391421,0.679245283019,13.264065185
1820,0.168898106189,0.160379488422,0.662198391421,0.679245283019,13.311070969
1830,0.168898088137,0.160379787634,0.662198391421,0.679245283019,13.358372322
1840,0.168898087671,0.160379783938,0.662198391421,0.679245283019,13.403490942
1850,0.168898087671,0.160379783938,0.662198391421,0.679245283019,13.44968651
1860,0.168897694443,0.160378432584,0.662198391421,0.679245283019,13.583323593
1870,0.16889642651,0.16038539341,0.662198391421,0.679245283019,13.68873107
1880,0.16889637647,0.160385317727,0.662198391421,0.679245283019,13.81078985
1890,0.168894293527,0.160388786637,0.662198391421,0.679245283019,13.93593669
1900,0.168894674724,0.160380577411,0.662198391421,0.679245283019,13.996819667
1910,0.168960723143,0.164681983234,0.659517426273,0.666666666667,14.038554019
1920,0.168894280175,0.160383725805,0.662198391421,0.679245283019,14.078406741
1930,0.168894279933,0.160383581039,0.662198391421,0.679245283019,14.11797161
1940,0.168894279212,0.160393082317,0.662198391421,0.679245283019,14.157447474
1950,0.168893837704,0.160437185678,0.662198391421,0.679245283019,14.196744812
1960,0.168893363379,0.160401352336,0.662198391421,0.679245283019,14.243832853
1970,0.168893362899,0.160414335852,0.662198391421,0.679245283019,14.282678918
1980,0.169042001294,0.160639908463,0.662198391421,0.679245283019,14.337346957
1990,0.168893282823,0.160416705241,0.662198391421,0.679245283019,14.37693734
2000,0.16889322674,0.16042024392,0.662198391421,0.679245283019,14.456202802
2010,0.168893268696,0.1604190433,0.662198391421,0.679245283019,14.538262217
2020,0.168893059005,0.160429034884,0.662198391421,0.679245283019,14.606769751
2030,0.168907139327,0.160915529419,0.662198391421,0.679245283019,14.654577385
2040,0.169414192897,0.162592619145,0.659517426273,0.672955974843,14.69560723
2050,0.168892909369,0.160492175127,0.662198391421,0.679245283019,14.743248415
2060,0.168872916244,0.160492175127,0.662198391421,0.679245283019,14.789499942
2070,0.16886792631,0.160543307943,0.662198391421,0.679245283019,14.8288655
2080,0.168870340407,0.160424082053,0.662198391421,0.679245283019,14.868730855
2090,0.16886791485,0.160527189373,0.662198391421,0.679245283019,14.911678504
2100,0.167552703538,0.160553231649,0.664879356568,0.679245283019,14.951014487
2110,0.167548320008,0.160553231649,0.664879356568,0.679245283019,14.990003647
2120,0.167540264309,0.160876461526,0.664879356568,0.679245283019,15.028893466
2130,0.167553020394,0.161082333794,0.664879356568,0.679245283019,15.06794931
2140,0.167535707515,0.161082333791,0.664879356568,0.679245283019,15.109382083
2150,0.16753534386,0.163717695325,0.664879356568,0.666666666667,15.150336417
2160,0.167548730707,0.164220221241,0.664879356568,0.666666666667,15.194353994
2170,0.16753533027,0.161903364682,0.664879356568,0.672955974843,15.233459
2180,0.167535332672,0.163394181585,0.664879356568,0.666666666667,15.272097358
2190,0.167516756394,0.163371299267,0.664879356568,0.666666666667,15.310827861
2200,0.167514823007,0.161640102052,0.664879356568,0.672955974843,15.349870187
2210,0.167518262195,0.161095190749,0.664879356568,0.679245283019,15.389328561
2220,0.167496591387,0.161479866888,0.664879356568,0.672955974843,15.428775962
2230,0.167490045771,0.161377987947,0.664879356568,0.672955974843,15.469014019
2240,0.167395075413,0.161978606496,0.664879356568,0.672955974843,15.528614844
2250,0.167395075412,0.161024845413,0.664879356568,0.679245283019,15.5674924
2260,0.167359076239,0.161459327384,0.664879356568,0.672955974843,15.608915821
2270,0.1673691191,0.16131838979,0.664879356568,0.672955974843,15.647861451
2280,0.167359076239,0.161459327384,0.664879356568,0.672955974843,15.686669331
2290,0.167359075622,0.161296822024,0.664879356568,0.672955974843,15.725918084
2300,0.167355421482,0.161376202807,0.664879356568,0.672955974843,15.764874191
2310,0.167306316625,0.161149576019,0.664879356568,0.679245283019,15.815972428
2320,0.167298336837,0.161139717022,0.664879356568,0.679245283019,15.855162172
2330,0.167297869042,0.161130975023,0.664879356568,0.679245283019,15.894152354
2340,0.167297868249,0.160669649911,0.664879356568,0.679245283019,15.944753359
2350,0.167318560521,0.160690310895,0.664879356568,0.679245283019,15.983744664
2360,0.221813915187,0.198581441745,0.538873994638,0.584905660377,16.024976998
2370,0.167293665876,0.160589814445,0.664879356568,0.679245283019,16.064294269
2380,0.167293565396,0.160589421175,0.664879356568,0.679245283019,16.104056426
2390,0.167289558962,0.160571203755,0.664879356568,0.679245283019,16.143206733
2400,0.167406517159,0.16028103633,0.664879356568,0.679245283019,16.182227408
2410,0.167363543106,0.162704840666,0.664879356568,0.666666666667,16.222015885
2420,0.167442765371,0.163703099421,0.664879356568,0.666666666667,16.26243513
2430,0.167099073718,0.161108259663,0.664879356568,0.679245283019,16.303914532
2440,0.167099073718,0.161108259663,0.664879356568,0.679245283019,16.36305793
2450,0.169643099286,0.170266952219,0.656836461126,0.654088050314,16.40621585
2460,0.167090123953,0.161081967559,0.664879356568,0.679245283019,16.450581276
2470,0.167335028908,0.162110935693,0.664879356568,0.672955974843,16.489786715
2480,0.166999187883,0.162235068546,0.664879356568,0.672955974843,16.529762463
2490,0.166999187894,0.162235069909,0.664879356568,0.672955974843,16.569635855
2500,0.166999187883,0.162235068546,0.664879356568,0.672955974843,16.611367263
2510,0.167516856828,0.160211372468,0.664879356568,0.679245283019,16.65312623
2520,0.166997443039,0.164319386694,0.664879356568,0.666666666667,16.693278716
2530,0.166997443039,0.164319386694,0.664879356568,0.666666666667,16.749501138
2540,0.166944267589,0.164319332593,0.664879356568,0.666666666667,16.803802086
2550,0.166944267589,0.164319332593,0.664879356568,0.666666666667,16.851817979
2560,0.166944267589,0.164319332593,0.664879356568,0.666666666667,16.894630289
2570,0.166904554246,0.164319332593,0.664879356568,0.666666666667,16.934186509
2580,0.166883471171,0.164072842222,0.664879356568,0.666666666667,16.974935448
2590,0.1668706192,0.164121365292,0.664879356568,0.666666666667,17.016321031
2600,0.1668706192,0.164121365292,0.664879356568,0.666666666667,17.05552826
2610,0.166870557956,0.164013832754,0.664879356568,0.666666666667,17.095716796
2620,0.166870557899,0.163858703238,0.664879356568,0.666666666667,17.141514839
2630,0.166759813128,0.164606088094,0.667560321716,0.666666666667,17.181635305
2640,0.167209054833,0.161283923378,0.664879356568,0.679245283019,17.231775808
2650,0.166499967509,0.162772372912,0.667560321716,0.666666666667,17.27258263
2660,0.166410659447,0.163519377681,0.667560321716,0.666666666667,17.312671648
2670,0.166399277317,0.163691214987,0.667560321716,0.666666666667,17.35303886
2680,0.167524639976,0.159880010328,0.664879356568,0.679245283019,17.392479313
2690,0.166379429533,0.164195367914,0.667560321716,0.666666666667,17.431668893
2700,0.166372271184,0.163606343221,0.667560321716,0.666666666667,17.47113184
2710,0.166372271183,0.163606343221,0.667560321716,0.666666666667,17.510391032
2720,0.166372271183,0.163606343221,0.667560321716,0.666666666667,17.557669134
2730,0.166372271183,0.163606343221,0.667560321716,0.666666666667,17.602679313
2740,0.166369336822,0.163731764672,0.667560321716,0.666666666667,17.654586268
2750,0.16636933682,0.16373176467,0.667560321716,0.666666666667,17.695007266
2760,0.166468449809,0.162653508563,0.667560321716,0.666666666667,17.735032501
2770,0.166379858728,0.163370734255,0.667560321716,0.666666666667,17.774924999
2780,0.167172728723,0.160176305118,0.664879356568,0.679245283019,17.815292626
2790,0.166368587872,0.163704507518,0.667560321716,0.666666666667,17.854648632
2800,0.166405138499,0.164605461162,0.667560321716,0.666666666667,17.895576612
2810,0.166556077986,0.16370631175,0.667560321716,0.666666666667,17.956634602
2820,0.166370660371,0.163704507496,0.667560321716,0.666666666667,18.003725339
2830,0.166368587872,0.163704507519,0.667560321716,0.666666666667,18.049847668
2840,0.166368587872,0.163704507519,0.667560321716,0.666666666667,18.100517296
2850,0.166367695023,0.162280489787,0.667560321716,0.672955974843,18.139839269
2860,0.166367695023,0.162280489787,0.667560321716,0.672955974843,18.179710711
2870,0.166371119127,0.162703997791,0.667560321716,0.666666666667,18.223642828
2880,0.166364938891,0.162035755819,0.667560321716,0.672955974843,18.263089862
2890,0.166364938882,0.162027110452,0.667560321716,0.672955974843,18.302672633
2900,0.166364938882,0.162027110452,0.667560321716,0.672955974843,18.342207537
2910,0.166362140911,0.161529613476,0.667560321716,0.672955974843,18.384848967
2920,0.16636214091,0.161536180774,0.667560321716,0.672955974843,18.442558824
2930,0.166362048556,0.161902643837,0.667560321716,0.672955974843,18.505462554
2940,0.172235656359,0.173596825372,0.651474530831,0.654088050314,18.54792665
2950,0.166362005081,0.162403523212,0.667560321716,0.672955974843,18.587744941
2960,0.166362005081,0.162403523212,0.667560321716,0.672955974843,18.627373291
2970,0.16636060925,0.161977816306,0.667560321716,0.672955974843,18.666847434
2980,0.166394744715,0.162048225525,0.667560321716,0.672955974843,18.707102246
2990,0.166359937521,0.160845586589,0.667560321716,0.672955974843,18.748420211
3000,0.166924864372,0.157429474909,0.664879356568,0.685534591195,18.794967006
3010,0.166364010263,0.162180241823,0.667560321716,0.672955974843,18.837803469
3020,0.166551274476,0.161741154541,0.667560321716,0.672955974843,18.88401493
3030,0.166352159251,0.158561721164,0.667560321716,0.685534591195,18.934136294
3040,0.166336940813,0.158791531945,0.667560321716,0.679245283019,18.977648121
3050,0.166342272743,0.158819392298,0.667560321716,0.679245283019,19.017018925
3060,0.166333971503,0.158935386513,0.667560321716,0.679245283019,19.056994718
3070,0.166356632487,0.157293211071,0.667560321716,0.685534591195,19.096691769
3080,0.166333377735,0.157264937764,0.667560321716,0.685534591195,19.136028952
3090,0.166571068225,0.157234163218,0.664879356568,0.685534591195,19.184384393
3100,0.16647715678,0.157236265562,0.667560321716,0.685534591195,19.223447156
3110,0.166333365212,0.157265118079,0.667560321716,0.685534591195,19.263732845
3120,0.166321670113,0.157281665449,0.667560321716,0.685534591195,19.302927633
3130,0.166321670113,0.157281665449,0.667560321716,0.685534591195,19.352900277
3140,0.166693367745,0.157429518125,0.664879356568,0.685534591195,19.398344931
3150,0.167237348456,0.158364481614,0.664879356568,0.679245283019,19.440292063
3160,0.16789076807,0.159411456511,0.664879356568,0.679245283019,19.481634439
3170,0.166316593404,0.157275702962,0.667560321716,0.685534591195,19.522965785
3180,0.16631668569,0.157273582744,0.667560321716,0.685534591195,19.569014547
3190,0.166315823428,0.157265764072,0.667560321716,0.685534591195,19.60933224
3200,0.166315520682,0.157264362187,0.667560321716,0.685534591195,19.650668579
3210,0.166315520682,0.157264361817,0.667560321716,0.685534591195,19.69150065
3220,0.166315520682,0.157264361817,0.667560321716,0.685534591195,19.731916799
3230,0.166313664618,0.157260940154,0.667560321716,0.685534591195,19.780683842
3240,0.167122523855,0.157233030123,0.664879356568,0.685534591195,19.823470485
3250,0.166314019831,0.157272352885,0.667560321716,0.685534591195,19.864911253
3260,0.166313648689,0.157260936468,0.667560321716,0.685534591195,19.905095273
3270,0.168355918786,0.159561758378,0.659517426273,0.679245283019,19.966911775
3280,0.166380964626,0.157240814428,0.667560321716,0.685534591195,20.010464662
3290,0.166313620157,0.157260377203,0.667560321716,0.685534591195,20.050214008
3300,0.166313620157,0.1572603772,0.667560321716,0.685534591195,20.090619336
3310,0.166313596744,0.157260446334,0.667560321716,0.685534591195,20.131181151
3320,0.166314810353,0.157255608601,0.667560321716,0.685534591195,20.171353308
3330,0.166313596744,0.157260446334,0.667560321716,0.685534591195,20.221403261
3340,0.16631359,0.157255365433,0.667560321716,0.685534591195,20.271496004
3350,0.166312194235,0.157251374062,0.667560321716,0.685534591195,20.313323855
3360,0.166312193991,0.157251374001,0.667560321716,0.685534591195,20.355056448
3370,0.166306889105,0.157260896001,0.667560321716,0.685534591195,20.404889697
3380,0.166318205289,0.157265930689,0.667560321716,0.685534591195,20.445706232
3390,0.187627688084,0.187963777991,0.611260053619,0.622641509434,20.487393924
3400,0.166306349597,0.15726568704,0.667560321716,0.685534591195,20.528816595
3410,0.166389230232,0.157334093493,0.667560321716,0.685534591195,20.569730599
3420,0.1663010391,0.157265225173,0.667560321716,0.685534591195,20.610313808
3430,0.166301050595,0.157265451532,0.667560321716,0.685534591195,20.661771677
3440,0.167986030793,0.160072941908,0.662198391421,0.672955974843,20.701791211
3450,0.167266823701,0.157467370695,0.664879356568,0.685534591195,20.741725046
3460,0.16629630758,0.157280356554,0.667560321716,0.685534591195,20.794153362
3470,0.16629630758,0.157280356554,0.667560321716,0.685534591195,20.837555491
3480,0.166294186401,0.15727181943,0.667560321716,0.685534591195,20.882448421
3490,0.166294186401,0.157271819434,0.667560321716,0.685534591195,20.928241777
3500,0.166287929601,0.157271626109,0.667560321716,0.685534591195,20.972515064
3510,0.166287929601,0.157271626109,0.667560321716,0.685534591195,21.013608449
3520,0.166279066105,0.15726892886,0.667560321716,0.685534591195,21.053660938
3530,0.166279066105,0.15726892886,0.667560321716,0.685534591195,21.105032433
3540,0.166720395188,0.157087655856,0.667560321716,0.679245283019,21.145119933
3550,0.1675437758,0.16057797572,0.664879356568,0.666666666667,21.190665402
3560,0.166277712454,0.157288355484,0.667560321716,0.685534591195,21.232228161
3570,0.166274505843,0.157348314678,0.667560321716,0.685534591195,21.271829387
3580,0.166331763784,0.157259769338,0.667560321716,0.685534591195,21.313117423
3590,0.166280115561,0.157351995184,0.667560321716,0.685534591195,21.35309641
3600,0.166270749797,0.157314889972,0.667560321716,0.685534591195,21.394649886
3610,0.166270741086,0.157317986104,0.667560321716,0.685534591195,21.434722557
3620,0.166862328467,0.155579672499,0.664879356568,0.685534591195,21.474944706
3630,0.166270722526,0.157318415684,0.667560321716,0.685534591195,21.526034121
3640,0.166270722526,0.157318415684,0.667560321716,0.685534591195,21.570570412
3650,0.166270722526,0.157318415684,0.667560321716,0.685534591195,21.623151914
3660,0.166270722526,0.157318415684,0.667560321716,0.685534591195,21.665219756
3670,0.166270722526,0.157318415684,0.667560321716,0.685534591195,21.708792815
3680,0.166459474372,0.157239531149,0.667560321716,0.685534591195,21.748701162
3690,0.166269926239,0.157309742266,0.667560321716,0.685534591195,21.788184462
3700,0.166271556262,0.157297527415,0.667560321716,0.685534591195,21.833597231
3710,0.166269926239,0.157309742266,0.667560321716,0.685534591195,21.874646042
3720,0.166268626068,0.157304554931,0.667560321716,0.685534591195,21.91446924
3730,0.166268526783,0.157299570368,0.667560321716,0.685534591195,21.965370213
3740,0.16626851869,0.157300000974,0.667560321716,0.685534591195,22.018201358
3750,0.16626851869,0.157300000974,0.667560321716,0.685534591195,22.061109878
3760,0.16626851869,0.157300000974,0.667560321716,0.685534591195,22.100977489
3770,0.16626851869,0.157300000974,0.667560321716,0.685534591195,22.142042792
3780,0.166267638939,0.157312757065,0.667560321716,0.685534591195,22.181712001
3790,0.166267638939,0.157312757065,0.667560321716,0.685534591195,22.221449562
3800,0.166265905361,0.157318030531,0.667560321716,0.685534591195,22.268497669
3810,0.166245509025,0.157383269419,0.667560321716,0.685534591195,22.308824035
3820,0.167189459194,0.157233124868,0.664879356568,0.685534591195,22.348578248
3830,0.166244980201,0.157371132002,0.667560321716,0.685534591195,22.399669451
3840,0.166239492213,0.157452160863,0.667560321716,0.685534591195,22.441794469
3850,0.166257197073,0.157309124914,0.667560321716,0.685534591195,22.481782204
3860,0.166236738608,0.157452129053,0.667560321716,0.685534591195,22.52159294
3870,0.166236705874,0.157450209959,0.667560321716,0.685534591195,22.566673041
3880,0.166231177953,0.157299054277,0.667560321716,0.685534591195,22.606323101
3890,0.166231165393,0.157297346906,0.667560321716,0.685534591195,22.646526194
3900,0.166414000982,0.157235294161,0.667560321716,0.685534591195,22.693008031
3910,0.166230938527,0.157315000934,0.667560321716,0.685534591195,22.732625996
3920,0.166337308501,0.157267377366,0.667560321716,0.685534591195,22.774548592
3930,0.166228977785,0.157285360686,0.667560321716,0.685534591195,22.832647058
3940,0.166228951812,0.157288386549,0.667560321716,0.685534591195,22.873016745
3950,0.166228951812,0.15728838655,0.667560321716,0.685534591195,22.913061465
3960,0.16622895181,0.15728838655,0.667560321716,0.685534591195,22.957240604
3970,0.16622895181,0.15728838655,0.667560321716,0.685534591195,22.997169258
3980,0.16622895181,0.15728838655,0.667560321716,0.685534591195,23.037280803
3990,0.168836423096,0.157449329065,0.659517426273,0.672955974843,23.082942705
4000,0.166223226523,0.154070776971,0.667560321716,0.691823899371,23.123632173
4010,0.166219614024,0.153878784763,0.667560321716,0.691823899371,23.163577011
4020,0.166219614024,0.153878784764,0.667560321716,0.691823899371,23.203576872
4030,0.16481119728,0.151287117452,0.667560321716,0.698113207547,23.259645865
4040,0.16481119728,0.151287117548,0.667560321716,0.698113207547,23.29936838
4050,0.163521033618,0.151060339899,0.670241286863,0.698113207547,23.339888116
4060,0.164152893222,0.150922826297,0.667560321716,0.698113207547,23.379819122
4070,0.161179700083,0.149101511253,0.675603217158,0.698113207547,23.419336038
4080,0.160400094878,0.146710220089,0.672922252011,0.698113207547,23.459398113
4090,0.160400094878,0.146710220089,0.672922252011,0.698113207547,23.502584975
4100,0.160394576639,0.146679192656,0.672922252011,0.698113207547,23.544298952
4110,0.160383010169,0.146610367243,0.672922252011,0.698113207547,23.584523769
4120,0.160349595351,0.146610173071,0.672922252011,0.698113207547,23.629583319
4130,0.160349595351,0.146610173071,0.672922252011,0.698113207547,23.680618536
4140,0.160349595507,0.146610173071,0.672922252011,0.698113207547,23.720719249
4150,0.160457706643,0.143122522818,0.675603217158,0.704402515723,23.761334827
4160,0.160164904686,0.145756657445,0.675603217158,0.698113207547,23.801699329
4170,0.160164721442,0.145756657445,0.675603217158,0.698113207547,23.842034879
4180,0.160102837753,0.1460450567,0.678284182306,0.698113207547,23.884735086
4190,0.160102837753,0.1460450567,0.678284182306,0.698113207547,23.925517026
4200,0.162011995108,0.150449080084,0.672922252011,0.698113207547,23.966098862
4210,0.158675287935,0.147166027462,0.683646112601,0.698113207547,24.006057911
4220,0.158508258485,0.147166027462,0.683646112601,0.698113207547,24.053172944
4230,0.158508258485,0.147166027462,0.683646112601,0.698113207547,24.123093185
4240,0.158308386659,0.145059116528,0.680965147453,0.704402515723,24.163512524
4250,0.158473079339,0.147082360255,0.680965147453,0.698113207547,24.203528465
4260,0.158289127362,0.14544079587,0.680965147453,0.704402515723,24.244449465
4270,0.158283282452,0.144717148024,0.680965147453,0.704402515723,24.285647144
4280,0.158231270875,0.144514844686,0.683646112601,0.704402515723,24.332187235
4290,0.158231230717,0.144514265842,0.683646112601,0.704402515723,24.372200075
4300,0.158231230112,0.144513825021,0.683646112601,0.704402515723,24.414457755
4310,0.158231230112,0.144513825021,0.683646112601,0.704402515723,24.462544454
4320,0.158159623332,0.145375148308,0.680965147453,0.704402515723,24.503707008
4330,0.158217444103,0.145455750958,0.680965147453,0.704402515723,24.553193471
4340,0.162856142631,0.150899667462,0.672922252011,0.698113207547,24.593950944
4350,0.157919516831,0.143004066223,0.683646112601,0.704402515723,24.634721764
4360,0.157897565917,0.143320671368,0.683646112601,0.704402515723,24.674849611
4370,0.157891598116,0.143320671368,0.683646112601,0.704402515723,24.714558997
4380,0.158028200697,0.146583374171,0.683646112601,0.698113207547,24.757678358
4390,0.157881502894,0.143435513986,0.683646112601,0.704402515723,24.798065453
4400,0.157881171711,0.143473083793,0.683646112601,0.704402515723,24.844189383
4410,0.157877189208,0.143450534128,0.683646112601,0.704402515723,24.885133515
4420,0.157877175411,0.143422330729,0.683646112601,0.704402515723,24.928885139
4430,0.157873532121,0.142322170376,0.683646112601,0.710691823899,24.9806827
4440,0.157873532121,0.142322170372,0.683646112601,0.710691823899,25.031854489
4450,0.158960499159,0.141055576752,0.678284182306,0.710691823899,25.077056058
4460,0.157873532121,0.142322170372,0.683646112601,0.710691823899,25.118252944
4470,0.159119384346,0.147549962988,0.678284182306,0.691823899371,25.165979717
4480,0.1605125317,0.149724739587,0.675603217158,0.691823899371,25.204497375
4490,0.157874667419,0.141422007575,0.683646112601,0.710691823899,25.250265223
4500,0.157927532986,0.142637958665,0.680965147453,0.704402515723,25.289582719
4510,0.157789085629,0.142307114784,0.683646112601,0.710691823899,25.328978347
4520,0.162008094984,0.138623293816,0.670241286863,0.723270440252,25.368473205
4530,0.157803575095,0.141436237292,0.683646112601,0.710691823899,25.409256265
4540,0.157758174276,0.143894329371,0.683646112601,0.704402515723,25.448110876
4550,0.158234722033,0.147623822486,0.680965147453,0.698113207547,25.491072626
4560,0.158880563853,0.149692322032,0.683646112601,0.691823899371,25.530679093
4570,0.157877107286,0.143894210012,0.683646112601,0.704402515723,25.569682037
4580,0.157757676143,0.143884550841,0.683646112601,0.704402515723,25.608194135
4590,0.157757676143,0.143884550841,0.683646112601,0.704402515723,25.655001103
4600,0.158813897561,0.142817547511,0.680965147453,0.704402515723,25.694692123
4610,0.157748829762,0.142818012766,0.683646112601,0.704402515723,25.733795557
4620,0.157743711863,0.142703545421,0.683646112601,0.704402515723,25.772634431
4630,0.157743711863,0.142703545421,0.683646112601,0.704402515723,25.828358911
4640,0.157843312738,0.141461653573,0.683646112601,0.710691823899,25.86765266
4650,0.157743231509,0.142703492526,0.683646112601,0.704402515723,25.907476268
4660,0.157737232434,0.143413107795,0.683646112601,0.704402515723,25.951113754
4670,0.157728525515,0.143423680384,0.683646112601,0.704402515723,25.992499603
4680,0.157726053718,0.143328168323,0.683646112601,0.704402515723,26.032191132
4690,0.157726053718,0.143328168323,0.683646112601,0.704402515723,26.078846875
4700,0.157726053718,0.143328168323,0.683646112601,0.704402515723,26.13831823
4710,0.15771623604,0.143328186896,0.683646112601,0.704402515723,26.177385578
4720,0.157829554687,0.1433280597,0.683646112601,0.704402515723,26.217151666
4730,0.157715824626,0.143328161435,0.683646112601,0.704402515723,26.258792428
4740,0.157715824626,0.143328161435,0.683646112601,0.704402515723,26.298639604
4750,0.157715824626,0.143328161435,0.683646112601,0.704402515723,26.33788516
4760,0.160040047919,0.143327954709,0.678284182306,0.704402515723,26.380196485
4770,0.157593294992,0.143087949949,0.683646112601,0.704402515723,26.418880935
4780,0.157593294992,0.143087949995,0.683646112601,0.704402515723,26.466762006
4790,0.158436713552,0.139005210481,0.678284182306,0.723270440252,26.506732742
4800,0.157496508205,0.143045476783,0.683646112601,0.704402515723,26.545763445
4810,0.157496508205,0.143045476783,0.683646112601,0.704402515723,26.592453534
4820,0.157496508157,0.143045191489,0.683646112601,0.704402515723,26.631428114
4830,0.157491495956,0.143045190182,0.683646112601,0.704402515723,26.681927698
4840,0.157491503032,0.143045185344,0.683646112601,0.704402515723,26.72144577
4850,0.157446967611,0.143045190102,0.683646112601,0.704402515723,26.76171654
4860,0.157445032959,0.142967220714,0.683646112601,0.704402515723,26.802774794
4870,0.157439645824,0.142950757558,0.683646112601,0.704402515723,26.84244204
4880,0.1574396458,0.142996288931,0.683646112601,0.704402515723,26.883229853
4890,0.157416362427,0.142996291981,0.683646112601,0.704402515723,26.928050779
4900,0.157415237538,0.142996291943,0.683646112601,0.704402515723,26.973880254
4910,0.157415237538,0.142996291943,0.683646112601,0.704402515723,27.016436588
4920,0.157415220654,0.142996288445,0.683646112601,0.704402515723,27.056654484
4930,0.157408980355,0.14295194709,0.683646112601,0.704402515723,27.103399404
4940,0.157400591338,0.142996293292,0.683646112601,0.704402515723,27.143537731
4950,0.157400588808,0.142996291006,0.683646112601,0.704402515723,27.187331455
4960,0.157400588808,0.142996291006,0.683646112601,0.704402515723,27.226928845
4970,0.157560424511,0.140579738054,0.680965147453,0.716981132075,27.273726742
4980,0.157386823086,0.142932039401,0.683646112601,0.704402515723,27.313275788
4990,0.157386823047,0.142996289353,0.683646112601,0.704402515723,27.352810917
5000,0.157386823047,0.142996289353,0.683646112601,0.704402515723,27.391899242
5010,0.157386823047,0.142996289353,0.683646112601,0.704402515723,27.431084656
5020,0.15736793134,0.142996289351,0.683646112601,0.704402515723,27.470921121
5030,0.15736793134,0.142996289351,0.683646112601,0.704402515723,27.523568361
5040,0.15736793134,0.142996289351,0.683646112601,0.704402515723,27.569610707
5050,0.162584635937,0.138433866782,0.670241286863,0.723270440252,27.6142365
5060,0.15736793134,0.142996289351,0.683646112601,0.704402515723,27.661429929
5070,0.15726877946,0.14299628902,0.683646112601,0.704402515723,27.700701304
5080,0.157236001161,0.142996374549,0.683646112601,0.704402515723,27.742736761
5090,0.157236001161,0.142996374559,0.683646112601,0.704402515723,27.784463554
5100,0.157236001161,0.142996374559,0.683646112601,0.704402515723,27.825423078
5110,0.157236001161,0.142996374559,0.683646112601,0.704402515723,27.866488874
5120,0.15723465383,0.142996374548,0.683646112601,0.704402515723,27.907852781
5130,0.15723465383,0.142996374548,0.683646112601,0.704402515723,27.959217618
5140,0.157198045407,0.142334188578,0.683646112601,0.704402515723,28.005167429
5150,0.157197973533,0.142334163348,0.683646112601,0.704402515723,28.046140624
5160,0.15723623036,0.142334152981,0.683646112601,0.704402515723,28.09358731
5170,0.15718228415,0.143667961285,0.683646112601,0.704402515723,28.135872965
5180,0.157161033141,0.142331564076,0.683646112601,0.704402515723,28.177138698
5190,0.157161033141,0.142326199539,0.683646112601,0.704402515723,28.234365024
5200,0.157017213737,0.142331563671,0.683646112601,0.704402515723,28.277061147
5210,0.15701427462,0.142331561988,0.683646112601,0.704402515723,28.318771963
5220,0.156820081436,0.142446893138,0.683646112601,0.704402515723,28.373288005
5230,0.156820081436,0.142446893138,0.683646112601,0.704402515723,28.416921988
5240,0.156800623238,0.142780158541,0.683646112601,0.704402515723,28.460474435
5250,0.156792531551,0.142910198265,0.683646112601,0.704402515723,28.502606461
5260,0.168900495849,0.157232703978,0.662198391421,0.685534591195,28.544029215
5270,0.156792531551,0.142910198283,0.683646112601,0.704402515723,28.591510726
5280,0.158145225426,0.142924030558,0.675603217158,0.704402515723,28.632585235
5290,0.16032749305,0.138454161503,0.678284182306,0.723270440252,28.673300792
5300,0.156792548872,0.142910198285,0.683646112601,0.704402515723,28.714526974
5310,0.156695158332,0.142910198114,0.686327077748,0.704402515723,28.755813963
5320,0.156695158332,0.142910198114,0.686327077748,0.704402515723,28.808110569
5330,0.156693525672,0.142963485672,0.686327077748,0.704402515723,28.85464899
5340,0.156693525672,0.142963485672,0.686327077748,0.704402515723,28.912453738
5350,0.156693525641,0.142963476104,0.686327077748,0.704402515723,28.960921585
5360,0.156693525641,0.142963476104,0.686327077748,0.704402515723,29.009692788
5370,0.165319668054,0.152536597903,0.667560321716,0.691823899371,29.057880203
5380,0.156692160286,0.142851904762,0.686327077748,0.704402515723,29.10586345
5390,0.157167484704,0.140187489788,0.683646112601,0.716981132075,29.154472206
5400,0.156690921403,0.142852021986,0.686327077748,0.704402515723,29.196614776
5410,0.156971693596,0.145470206115,0.683646112601,0.704402515723,29.249139771
5420,0.156648599345,0.142852021934,0.686327077748,0.704402515723,29.298745515
5430,0.156755597814,0.14285175866,0.686327077748,0.704402515723,29.341130339
5440,0.156648599345,0.142852021934,0.686327077748,0.704402515723,29.38850543
5450,0.157064910111,0.141371728664,0.683646112601,0.716981132075,29.430028855
5460,0.156576195143,0.142852021869,0.686327077748,0.704402515723,29.471873527
5470,0.163170059253,0.150935193596,0.672922252011,0.698113207547,29.512386239
5480,0.1565743257,0.142852007188,0.686327077748,0.704402515723,29.554754885
5490,0.156340013065,0.142845497994,0.686327077748,0.704402515723,29.601907163
5500,0.157113569871,0.147376596837,0.683646112601,0.698113207547,29.644145947
5510,0.159197247367,0.143777035577,0.680965147453,0.704402515723,29.696491293
5520,0.156261946736,0.142676314648,0.686327077748,0.704402515723,29.739076179
5530,0.156144731721,0.142506003983,0.686327077748,0.704402515723,29.784512569
5540,0.159509829882,0.150226080024,0.675603217158,0.691823899371,29.82603046
5550,0.156155610503,0.140965190066,0.686327077748,0.716981132075,29.866788667
5560,0.156137124319,0.14268261772,0.686327077748,0.704402515723,29.90979697
5570,0.156133784268,0.14268236397,0.686327077748,0.704402515723,29.951888554
5580,0.156133784268,0.14268236397,0.686327077748,0.704402515723,29.99344914
5590,0.156866972147,0.140000243687,0.683646112601,0.716981132075,30.035634878
5600,0.156084146883,0.142681516768,0.686327077748,0.704402515723,30.091324911
5610,0.157089312906,0.142681429069,0.683646112601,0.704402515723,30.134157196
5620,0.156132582807,0.142679867238,0.686327077748,0.704402515723,30.178368693
5630,0.156081327197,0.142642976039,0.686327077748,0.704402515723,30.22123549
5640,0.160997195426,0.150336553758,0.675603217158,0.698113207547,30.262394173
5650,0.156078328964,0.142641857816,0.686327077748,0.704402515723,30.303764677
5660,0.156048441805,0.142645159464,0.686327077748,0.704402515723,30.345185125
5670,0.157160810668,0.14824920392,0.683646112601,0.691823899371,30.400077644
5680,0.157223374818,0.138493469211,0.680965147453,0.723270440252,30.4420552
5690,0.155913358791,0.143312044764,0.686327077748,0.704402515723,30.488811353
5700,0.155820665142,0.142061948384,0.689008042895,0.704402515723,30.534398574
5710,0.158170242512,0.138399127412,0.675603217158,0.723270440252,30.574430008
5720,0.155820611264,0.142059660365,0.689008042895,0.704402515723,30.61713788
5730,0.155733576051,0.140867450112,0.686327077748,0.710691823899,30.657880744
5740,0.155733576051,0.140867450117,0.686327077748,0.710691823899,30.697556522
5750,0.15571141801,0.141780010903,0.689008042895,0.710691823899,30.738528827
5760,0.155711417893,0.141780010892,0.689008042895,0.710691823899,30.779981706
5770,0.155711417893,0.141780010892,0.689008042895,0.710691823899,30.82161056
5780,0.155711417893,0.141780010892,0.689008042895,0.710691823899,30.861300618
5790,0.155703884187,0.141600531114,0.689008042895,0.710691823899,30.909328328
5800,0.158048457651,0.150408152793,0.678284182306,0.691823899371,30.957609499
5810,0.161701143308,0.143381081595,0.670241286863,0.710691823899,30.997706908
5820,0.155670408692,0.141600506179,0.689008042895,0.710691823899,31.038790742
5830,0.157151418669,0.141599301764,0.686327077748,0.710691823899,31.078788438
5840,0.15566906546,0.141551875225,0.689008042895,0.710691823899,31.118189346
5850,0.155629824026,0.141523463454,0.689008042895,0.710691823899,31.158628675
5860,0.155649084902,0.141442346269,0.689008042895,0.710691823899,31.201534018
5870,0.155627426605,0.141534440817,0.689008042895,0.710691823899,31.246480529
5880,0.155627426605,0.141534440809,0.689008042895,0.710691823899,31.300387791
5890,0.160709910467,0.153053651744,0.675603217158,0.691823899371,31.356221464
5900,0.155627426604,0.141534401904,0.689008042895,0.710691823899,31.423178314
5910,0.155607305043,0.14123013956,0.686327077748,0.710691823899,31.479106681
5920,0.155620203922,0.141086220235,0.686327077748,0.710691823899,31.536136062
5930,0.155607236512,0.141230022442,0.686327077748,0.710691823899,31.592190495
5940,0.155603323621,0.141230022437,0.686327077748,0.710691823899,31.644736688
5950,0.154576862829,0.145282141144,0.683646112601,0.704402515723,31.686494444
5960,0.15419691442,0.145658026208,0.683646112601,0.704402515723,31.72707247
5970,0.150986011359,0.145655582362,0.69436997319,0.704402515723,31.769342517
5980,0.156016843819,0.141392974079,0.678284182306,0.716981132075,31.811828163
5990,0.151229190356,0.144846305167,0.69436997319,0.704402515723,31.853877662
6000,0.150906661225,0.145534614003,0.697050938338,0.704402515723,31.89434294
6010,0.150917566963,0.145524539884,0.69436997319,0.704402515723,31.933911002
6020,0.150895001126,0.145521940655,0.697050938338,0.704402515723,31.974350169
6030,0.150895000238,0.145517102137,0.697050938338,0.704402515723,32.014547275
6040,0.150210165729,0.14542505525,0.697050938338,0.704402515723,32.054627617
6050,0.150140088403,0.145489212142,0.697050938338,0.704402515723,32.101140565
6060,0.149800331986,0.139582359044,0.691689008043,0.710691823899,32.141153175
6070,0.148725112111,0.139979537391,0.69436997319,0.716981132075,32.182268521
6080,0.148725120033,0.139978740946,0.69436997319,0.716981132075,32.231410368
6090,0.148725112111,0.139979537391,0.69436997319,0.716981132075,32.274562771
6100,0.148928786058,0.140518275465,0.69436997319,0.710691823899,32.314521385
6110,0.148693651797,0.139978170805,0.69436997319,0.716981132075,32.356836484
6120,0.149307285959,0.142644163704,0.69436997319,0.710691823899,32.398218597
6130,0.148430158727,0.140038189307,0.697050938338,0.716981132075,32.439309387
6140,0.150693559324,0.141752914616,0.691689008043,0.716981132075,32.50979204
6150,0.147321734028,0.140622567199,0.699731903485,0.716981132075,32.554155509
6160,0.147321734028,0.140622567199,0.699731903485,0.716981132075,32.593560131
6170,0.147973006157,0.14096941205,0.699731903485,0.716981132075,32.64335847
6180,0.146941386091,0.140627116769,0.702412868633,0.716981132075,32.687530867
6190,0.150398299419,0.142499759706,0.69436997319,0.710691823899,32.727290282
6200,0.146970391767,0.140658812162,0.70509383378,0.716981132075,32.767468406
6210,0.146850717269,0.140989197051,0.70509383378,0.710691823899,32.807610737
6220,0.146850717269,0.140989197051,0.70509383378,0.710691823899,32.848100995
6230,0.146818606246,0.140919957262,0.70509383378,0.710691823899,32.894345468
6240,0.146818661224,0.140920124752,0.70509383378,0.710691823899,32.935540913
6250,0.146458737789,0.141670714032,0.699731903485,0.710691823899,32.975729299
6260,0.146009724564,0.137447931584,0.70509383378,0.704402515723,33.015270317
6270,0.149226589744,0.1361445707,0.69436997319,0.716981132075,33.066821661
6280,0.145944503796,0.137626024995,0.707774798928,0.704402515723,33.110108562
6290,0.14533041736,0.141522443205,0.70509383378,0.710691823899,33.151455178
6300,0.145337921334,0.1415224672,0.70509383378,0.710691823899,33.19493455
6310,0.148525842587,0.138601709332,0.699731903485,0.723270440252,33.234769266
6320,0.16982038099,0.150769848843,0.648793565684,0.691823899371,33.276257569
6330,0.145069237837,0.141923183716,0.707774798928,0.704402515723,33.329977538
6340,0.157986804118,0.140412943594,0.678284182306,0.716981132075,33.374762288
6350,0.150064540042,0.140890533725,0.697050938338,0.710691823899,33.41632886
6360,0.145347656676,0.142318551236,0.707774798928,0.704402515723,33.461610797
6370,0.144582532784,0.144548506187,0.70509383378,0.704402515723,33.513083276
6380,0.144582532784,0.144548506187,0.70509383378,0.704402515723,33.553272616
6390,0.144582532784,0.144548506187,0.70509383378,0.704402515723,33.59458445
6400,0.144516010971,0.145142138353,0.70509383378,0.698113207547,33.634475706
6410,0.144264296655,0.145408147057,0.707774798928,0.698113207547,33.67435962
6420,0.144224173519,0.145408174632,0.707774798928,0.698113207547,33.721855179
6430,0.143464837437,0.145408645612,0.710455764075,0.698113207547,33.76225596
6440,0.143432180842,0.145345995094,0.710455764075,0.698113207547,33.802661606
6450,0.143432180842,0.145345995094,0.710455764075,0.698113207547,33.843358729
6460,0.143432129838,0.145345995094,0.710455764075,0.698113207547,33.883231288
6470,0.143321373754,0.145012396179,0.713136729223,0.704402515723,33.937794168
6480,0.1449069146,0.141793057024,0.702412868633,0.716981132075,33.981057919
6490,0.14332092509,0.145012320452,0.713136729223,0.704402515723,34.02319779
6500,0.14332092509,0.145012320452,0.713136729223,0.704402515723,34.064516066
6510,0.143217546016,0.144960370358,0.713136729223,0.704402515723,34.104258593
6520,0.142590980672,0.145178997902,0.710455764075,0.698113207547,34.146298288
6530,0.142590980672,0.145178998298,0.710455764075,0.698113207547,34.186856175
6540,0.14540011809,0.141641925656,0.702412868633,0.716981132075,34.226432013
6550,0.142509475393,0.145247568721,0.710455764075,0.698113207547,34.267340877
6560,0.143004783095,0.145473742367,0.710455764075,0.698113207547,34.307137978
6570,0.142404687999,0.145242390787,0.710455764075,0.698113207547,34.359048729
6580,0.142406351415,0.144967384124,0.707774798928,0.704402515723,34.399825309
6590,0.141761966189,0.145994324884,0.713136729223,0.698113207547,34.440659847
6600,0.141663252721,0.146149816447,0.713136729223,0.698113207547,34.480910451
6610,0.152629747575,0.139356202715,0.689008042895,0.716981132075,34.527606597
6620,0.155461798727,0.144557421129,0.670241286863,0.698113207547,34.568252218
6630,0.141613159359,0.146015145094,0.713136729223,0.698113207547,34.608948929
6640,0.141928297472,0.145800969555,0.713136729223,0.698113207547,34.648788846
6650,0.148237139254,0.139790080689,0.691689008043,0.710691823899,34.697691946
6660,0.141184132889,0.146347336447,0.713136729223,0.698113207547,34.737635656
6670,0.141165949445,0.14634665256,0.713136729223,0.698113207547,34.794228944
6680,0.142559037869,0.127825224475,0.707774798928,0.735849056604,34.839221469
6690,0.141147224373,0.146273124377,0.713136729223,0.698113207547,34.880043759
6700,0.14114706104,0.146273122828,0.713136729223,0.698113207547,34.925130369
6710,0.146685672123,0.146111653586,0.702412868633,0.698113207547,34.965098273
6720,0.141148064842,0.146273766244,0.713136729223,0.698113207547,35.006500162
6730,0.141208049333,0.146273090562,0.713136729223,0.698113207547,35.046378976
6740,0.141147058775,0.146273090562,0.713136729223,0.698113207547,35.086651806
6750,0.141253584329,0.14606009513,0.713136729223,0.698113207547,35.126549835
6760,0.141151859027,0.146273092781,0.713136729223,0.698113207547,35.166438224
6770,0.141147058775,0.146273090562,0.713136729223,0.698113207547,35.214692244
6780,0.141452574093,0.146023365778,0.713136729223,0.698113207547,35.254514248
6790,0.140909212659,0.14403336731,0.71581769437,0.710691823899,35.297917256
6800,0.140909210017,0.14403334756,0.71581769437,0.710691823899,35.344106419
6810,0.140909210017,0.14403334756,0.71581769437,0.710691823899,35.388768809
6820,0.140481346147,0.140210215287,0.707774798928,0.710691823899,35.428795442
6830,0.13936054666,0.144390239137,0.718498659517,0.698113207547,35.468782498
6840,0.165610474837,0.147124337987,0.646112600536,0.698113207547,35.514325753
6850,0.13936054507,0.144390233336,0.718498659517,0.698113207547,35.559674827
6860,0.139281556725,0.144416840167,0.718498659517,0.698113207547,35.601218684
6870,0.140031556401,0.14488241153,0.71581769437,0.698113207547,35.658302601
6880,0.140970711363,0.141795319669,0.710455764075,0.704402515723,35.700557804
6890,0.139130935098,0.144344945548,0.718498659517,0.698113207547,35.747069887
6900,0.139130935098,0.144344945548,0.718498659517,0.698113207547,35.787005876
6910,0.13900176386,0.145034023896,0.718498659517,0.698113207547,35.827667145
6920,0.13900176386,0.145034023896,0.718498659517,0.698113207547,35.868471533
6930,0.138953452071,0.144928854491,0.718498659517,0.691823899371,35.908218531
6940,0.143172805847,0.144203479829,0.710455764075,0.710691823899,35.947976233
6950,0.138872413623,0.144675906553,0.718498659517,0.691823899371,35.989612778
6960,0.138878040712,0.144697145323,0.718498659517,0.691823899371,36.03159465
6970,0.138867864481,0.144697145323,0.718498659517,0.691823899371,36.10336914
6980,0.13886786147,0.144697145323,0.718498659517,0.691823899371,36.204039915
6990,0.139005104227,0.144148240892,0.71581769437,0.698113207547,36.30699882
7000,0.13886786147,0.144697145323,0.718498659517,0.691823899371,36.456868738
7010,0.13886786147,0.144697145323,0.718498659517,0.691823899371,36.515284719
7020,0.139406146819,0.144697129053,0.71581769437,0.691823899371,36.565079924
7030,0.138867857579,0.144697129053,0.718498659517,0.691823899371,36.607148536
7040,0.137571005817,0.139854916416,0.721179624665,0.704402515723,36.648748931
7050,0.137273031853,0.141365893488,0.718498659517,0.710691823899,36.688605595
7060,0.138200240191,0.141365877402,0.71581769437,0.710691823899,36.728411065
7070,0.137003365954,0.141337192319,0.718498659517,0.710691823899,36.777777785
7080,0.152848138153,0.140090916662,0.691689008043,0.710691823899,36.818813993
7090,0.137622803381,0.143677607464,0.718498659517,0.698113207547,36.858782552
7100,0.1370033505,0.141337190717,0.718498659517,0.710691823899,36.912104795
7110,0.136794012574,0.142699523542,0.718498659517,0.698113207547,37.012475342
7120,0.136650719149,0.142245960663,0.718498659517,0.704402515723,37.099058965
7130,0.136650719149,0.142245960663,0.718498659517,0.704402515723,37.140026343
7140,0.13648938355,0.142245976024,0.721179624665,0.704402515723,37.179613922
7150,0.136486908365,0.142260942965,0.721179624665,0.704402515723,37.220705861
7160,0.136345384493,0.142832420163,0.723860589812,0.698113207547,37.262448197
7170,0.1363453904,0.142832414873,0.723860589812,0.698113207547,37.309027232
7180,0.136758680221,0.143781730317,0.721179624665,0.698113207547,37.359274025
7190,0.137224809319,0.141251832683,0.718498659517,0.710691823899,37.399108355
7200,0.147348049658,0.138740265134,0.699731903485,0.716981132075,37.441424272
7210,0.136249530931,0.143063592479,0.721179624665,0.698113207547,37.481607113
7220,0.136188908538,0.142685959503,0.72654155496,0.698113207547,37.524729613
7230,0.136188908538,0.142685959503,0.72654155496,0.698113207547,37.564400592
7240,0.136188908346,0.142685968029,0.72654155496,0.698113207547,37.605342865
7250,0.136221303383,0.142757581664,0.723860589812,0.698113207547,37.650887567
7260,0.148921415981,0.138457036781,0.699731903485,0.710691823899,37.767355154
7270,0.300746018395,0.313138203914,0.391420911528,0.37106918239,37.877914909
7280,0.136188464535,0.142685965507,0.72654155496,0.698113207547,38.048904814
7290,0.136124101283,0.142321050378,0.723860589812,0.698113207547,38.094295259
7300,0.13611620229,0.142126881471,0.723860589812,0.698113207547,38.136020683
7310,0.137031762083,0.142126847825,0.721179624665,0.698113207547,38.18254092
7320,0.136115622048,0.142126873776,0.723860589812,0.698113207547,38.234816576
7330,0.169732280049,0.145062522071,0.632707774799,0.691823899371,38.274361924
7340,0.136115622048,0.142126873776,0.723860589812,0.698113207547,38.314875971
7350,0.136115622048,0.142126873776,0.723860589812,0.698113207547,38.356197284
7360,0.136115622048,0.142126873776,0.723860589812,0.698113207547,38.39708788
7370,0.136115637089,0.142126873,0.723860589812,0.698113207547,38.44143208
7380,0.136115622024,0.142126871075,0.723860589812,0.698113207547,38.594103027
7390,0.138276023006,0.143520063874,0.721179624665,0.710691823899,38.686391741
7400,0.136093620482,0.142165762668,0.72654155496,0.698113207547,38.803342945
7410,0.141987509169,0.131827821654,0.70509383378,0.729559748428,38.904430061
7420,0.135858174742,0.143416814873,0.72654155496,0.704402515723,38.957134577
7430,0.135683363881,0.143088640879,0.729222520107,0.698113207547,38.997917405
7440,0.135683363881,0.143088640879,0.729222520107,0.698113207547,39.057480422
7450,0.135662203512,0.143023272217,0.729222520107,0.698113207547,39.101695383
7460,0.150726641163,0.141443829543,0.691689008043,0.710691823899,39.215594911
7470,0.141441927701,0.131828962012,0.713136729223,0.723270440252,39.342517059
7480,0.180865890968,0.149846137491,0.611260053619,0.698113207547,39.395450262
7490,0.13565177985,0.142982437992,0.729222520107,0.698113207547,39.436231149
7500,0.135651737205,0.142982437623,0.729222520107,0.698113207547,39.488302095
7510,0.140191134937,0.144230356188,0.71581769437,0.710691823899,39.541040387
7520,0.135651736346,0.142982437553,0.729222520107,0.698113207547,39.585752576
7530,0.13565157361,0.142982437553,0.729222520107,0.698113207547,39.633516906
7540,0.135423901386,0.14241852134,0.729222520107,0.698113207547,39.67630024
7550,0.139541095064,0.136458856595,0.713136729223,0.723270440252,39.716653581
7560,0.135414966276,0.142259509865,0.729222520107,0.698113207547,39.770029751
7570,0.135414966276,0.142259509865,0.729222520107,0.698113207547,39.854858475
7580,0.135411872138,0.142284503214,0.729222520107,0.698113207547,39.943870356
7590,0.138339883679,0.1440891208,0.71581769437,0.710691823899,39.989811962
7600,0.137208966394,0.138081526694,0.721179624665,0.710691823899,40.03487177
7610,0.135007076646,0.142560311362,0.731903485255,0.698113207547,40.074799757
7620,0.136500170684,0.143961195372,0.721179624665,0.710691823899,40.114910465
7630,0.134862556803,0.143356785788,0.734584450402,0.704402515723,40.154709697
7640,0.13486255679,0.143356785788,0.734584450402,0.704402515723,40.195712972
7650,0.134852080483,0.143320684598,0.734584450402,0.704402515723,40.235274076
7660,0.134851216643,0.143320684598,0.734584450402,0.704402515723,40.276425533
7670,0.134851216643,0.143320684598,0.734584450402,0.704402515723,40.321777756
7680,0.134851216643,0.143320684598,0.734584450402,0.704402515723,40.367281417
7690,0.135245682676,0.143697603297,0.729222520107,0.704402515723,40.464064161
7700,0.134819068177,0.143077861062,0.731903485255,0.704402515723,40.54224248
7710,0.134819068177,0.143077861062,0.731903485255,0.704402515723,40.660574254
7720,0.134819068147,0.143077861224,0.731903485255,0.704402515723,40.709562086
7730,0.134342180527,0.143069453564,0.729222520107,0.704402515723,40.77248477
7740,0.134342180532,0.143069453564,0.729222520107,0.704402515723,40.86637421
7750,0.134366298153,0.143069452426,0.72654155496,0.704402515723,40.922980319
7760,0.134342180398,0.143069454342,0.729222520107,0.704402515723,40.985879799
7770,0.136338196626,0.14370362074,0.723860589812,0.704402515723,41.027413689
7780,0.134342180398,0.143069454342,0.729222520107,0.704402515723,41.07551947
7790,0.134843090756,0.144159802749,0.72654155496,0.710691823899,41.132048164
7800,0.14054050249,0.144138465308,0.713136729223,0.710691823899,41.173410163
7810,0.134184238218,0.143758044163,0.729222520107,0.704402515723,41.237766696
7820,0.13404063795,0.143654496356,0.731903485255,0.704402515723,41.356178095
7830,0.134020806729,0.143421954676,0.731903485255,0.704402515723,41.587576375
7840,0.148781171698,0.13295825572,0.689008042895,0.729559748428,41.749138125
7850,0.133986664821,0.143242242604,0.731903485255,0.704402515723,41.834564109
7860,0.135568395045,0.14075923533,0.723860589812,0.704402515723,41.875430355
7870,0.133969086168,0.143295792848,0.731903485255,0.704402515723,41.915675587
7880,0.133969086168,0.143295792848,0.731903485255,0.704402515723,41.956155748
7890,0.133968649987,0.143295792846,0.731903485255,0.704402515723,41.997747482
7900,0.133965986786,0.143521775262,0.729222520107,0.704402515723,42.038829011
7910,0.133965986786,0.143521775262,0.729222520107,0.704402515723,42.092051842
7920,0.133965986786,0.143521775262,0.729222520107,0.704402515723,42.194647959
7930,0.134000780022,0.143286518674,0.731903485255,0.704402515723,42.354352762
7940,0.134661308017,0.140959144319,0.723860589812,0.698113207547,42.410321966
7950,0.136336542528,0.140608787728,0.72654155496,0.704402515723,42.461184018
7960,0.141196728144,0.132806339847,0.713136729223,0.723270440252,42.516564775
7970,0.133965986042,0.143521776414,0.729222520107,0.704402515723,42.55924073
7980,0.133965986042,0.143521776414,0.729222520107,0.704402515723,42.610949936
7990,0.133965986042,0.143521776414,0.729222520107,0.704402515723,42.660942632
8000,0.133965986042,0.143521776414,0.729222520107,0.704402515723,42.702389663
8010,0.133965986042,0.143521776414,0.729222520107,0.704402515723,42.760268569
8020,0.133951067038,0.143079059399,0.731903485255,0.704402515723,42.801687872
8030,0.133944844816,0.143055498818,0.731903485255,0.704402515723,42.84315322
8040,0.147104804531,0.129476770766,0.702412868633,0.74213836478,42.883951915
8050,0.133944844811,0.143055498818,0.731903485255,0.704402515723,42.936231237
8060,0.133902794588,0.143055496363,0.731903485255,0.704402515723,42.97846091
8070,0.137298841108,0.143161043526,0.723860589812,0.704402515723,43.026649418
8080,0.133897867978,0.143161044747,0.731903485255,0.704402515723,43.109365497
8090,0.173422028657,0.144105571295,0.635388739946,0.710691823899,43.242158444
8100,0.133897867796,0.143161044671,0.731903485255,0.704402515723,43.309425733
8110,0.133897867377,0.143161044845,0.731903485255,0.704402515723,43.360702793
8120,0.14465437508,0.132879204441,0.707774798928,0.716981132075,43.402474045
8130,0.133887549498,0.143161044696,0.731903485255,0.704402515723,43.447327404
8140,0.13388754969,0.143161044769,0.731903485255,0.704402515723,43.488928872
8150,0.133879438821,0.14332868884,0.731903485255,0.704402515723,43.548357352
8160,0.133879438821,0.14332868884,0.731903485255,0.704402515723,43.612946166
8170,0.133879438821,0.14332868884,0.731903485255,0.704402515723,43.675804585
8180,0.14886031893,0.134406947231,0.689008042895,0.716981132075,43.739200612
8190,0.134578757155,0.140837468416,0.729222520107,0.704402515723,43.795896183
8200,0.133868603475,0.143328688258,0.731903485255,0.704402515723,43.84713926
8210,0.133868603475,0.143328688258,0.731903485255,0.704402515723,43.88732698
8220,0.133904977009,0.142917306221,0.731903485255,0.704402515723,43.928170005
8230,0.133863971685,0.143289687044,0.731903485255,0.704402515723,43.970771808
8240,0.133863970961,0.143289687094,0.731903485255,0.704402515723,44.011179409
8250,0.133919853129,0.143494896511,0.731903485255,0.704402515723,44.051240154
8260,0.133860488674,0.143126059725,0.731903485255,0.704402515723,44.091443122
8270,0.134144086933,0.143681149321,0.729222520107,0.704402515723,44.140533795
8280,0.13386048589,0.143126061219,0.731903485255,0.704402515723,44.217054061
8290,0.134491157988,0.143835782999,0.72654155496,0.710691823899,44.299744766
8300,0.133769131504,0.141816689245,0.731903485255,0.704402515723,44.350066932
8310,0.133769131336,0.141816688891,0.731903485255,0.704402515723,44.390059111
8320,0.13373774375,0.141817317573,0.731903485255,0.704402515723,44.430240614
8330,0.133715158272,0.141899060294,0.731903485255,0.704402515723,44.470117176
8340,0.133713507248,0.141808444186,0.731903485255,0.704402515723,44.511456523
8350,0.133701079385,0.141839257681,0.731903485255,0.704402515723,44.552532355
8360,0.150084010258,0.133126903172,0.689008042895,0.704402515723,44.592511241
8370,0.13370107835,0.141839257679,0.731903485255,0.704402515723,44.650166269
8380,0.135662192702,0.141839254534,0.72654155496,0.704402515723,44.690769793
8390,0.133701078349,0.141839257679,0.731903485255,0.704402515723,44.733013849
8400,0.135045686574,0.139316705125,0.723860589812,0.710691823899,44.774306661
8410,0.133628455342,0.142696350975,0.734584450402,0.704402515723,44.814057366
8420,0.133596209787,0.142696350561,0.734584450402,0.704402515723,44.853687937
8430,0.133586541074,0.14269635029,0.734584450402,0.704402515723,44.893394362
8440,0.133588771744,0.142564476183,0.734584450402,0.704402515723,44.933652762
8450,0.133581068075,0.142498165049,0.734584450402,0.704402515723,44.973607946
8460,0.134736846851,0.142233516498,0.729222520107,0.704402515723,45.013816974
8470,0.133563519371,0.142233813787,0.734584450402,0.704402515723,45.064549504
8480,0.133566203025,0.142233813486,0.734584450402,0.704402515723,45.104312364
8490,0.133563519206,0.142233813486,0.734584450402,0.704402515723,45.145547388
8500,0.133563519206,0.142233813486,0.734584450402,0.704402515723,45.185057032
8510,0.133563519206,0.142233813486,0.734584450402,0.704402515723,45.225219357
8520,0.133563519053,0.14223381324,0.734584450402,0.704402515723,45.265041654
8530,0.133563510236,0.14223381324,0.734584450402,0.704402515723,45.307798709
8540,0.133549420091,0.142232058572,0.734584450402,0.704402515723,45.351675097
8550,0.13354941995,0.142232058448,0.734584450402,0.704402515723,45.392259809
8560,0.133548333603,0.142232058448,0.734584450402,0.704402515723,45.44804375
8570,0.133511336247,0.142491036038,0.734584450402,0.704402515723,45.498272616
8580,0.133511336247,0.142491036038,0.734584450402,0.704402515723,45.543373548
8590,0.13351106263,0.142491033637,0.734584450402,0.704402515723,45.60491727
8600,0.136698152227,0.136964358085,0.721179624665,0.710691823899,45.744785029
8610,0.133510864316,0.142491033637,0.734584450402,0.704402515723,45.845204618
8620,0.133510864316,0.142491033637,0.734584450402,0.704402515723,45.888638309
8630,0.133510864316,0.142491033637,0.734584450402,0.704402515723,45.941051222
8640,0.133506925861,0.142491033637,0.734584450402,0.704402515723,45.984805136
8650,0.133490901866,0.142434730642,0.734584450402,0.704402515723,46.028890902
8660,0.133443036558,0.142485304669,0.731903485255,0.704402515723,46.082269104
8670,0.133443036558,0.142485304669,0.731903485255,0.704402515723,46.123574629
8680,0.150931592208,0.144354872639,0.69436997319,0.710691823899,46.167175178
8690,0.133442770374,0.142440503598,0.734584450402,0.704402515723,46.208989652
8700,0.13343015855,0.142288630385,0.734584450402,0.704402515723,46.256579629
8710,0.151999215766,0.142149831093,0.691689008043,0.710691823899,46.297412384
8720,0.135174738774,0.142096502064,0.729222520107,0.704402515723,46.339285738
8730,0.133345994659,0.142096538451,0.734584450402,0.704402515723,46.384132729
8740,0.13334599465,0.142096538451,0.734584450402,0.704402515723,46.431046981
8750,0.133320489767,0.141366136268,0.734584450402,0.710691823899,46.479940915
8760,0.133308262556,0.141447883876,0.734584450402,0.710691823899,46.561126577
8770,0.133304883655,0.141490924364,0.734584450402,0.710691823899,46.660166333
8780,0.133286047456,0.141493277514,0.734584450402,0.710691823899,46.71322384
8790,0.134083399676,0.138871917415,0.729222520107,0.716981132075,46.755393494
8800,0.133502404728,0.141465753674,0.731903485255,0.710691823899,46.81566543
8810,0.133277511877,0.141463613328,0.734584450402,0.710691823899,46.968953263
8820,0.133277511877,0.141463613328,0.734584450402,0.710691823899,47.034487569
8830,0.133277511877,0.141463613328,0.734584450402,0.710691823899,47.076624344
8840,0.133276601728,0.141254121808,0.734584450402,0.710691823899,47.117385899
8850,0.133276601728,0.141254121808,0.734584450402,0.710691823899,47.160389774
8860,0.133276601728,0.141254121808,0.734584450402,0.710691823899,47.212247677
8870,0.133276483205,0.141272259008,0.734584450402,0.710691823899,47.253560188
8880,0.133337310723,0.141059389822,0.731903485255,0.710691823899,47.295183982
8890,0.13319474185,0.141052521838,0.734584450402,0.710691823899,47.335494792
8900,0.13240562818,0.141630019763,0.731903485255,0.704402515723,47.376563876
8910,0.132318153686,0.141165608547,0.731903485255,0.704402515723,47.424026505
8920,0.132310137104,0.141196979511,0.731903485255,0.704402515723,47.509275277
8930,0.132131887873,0.139890453336,0.734584450402,0.704402515723,47.604572832
8940,0.132184230534,0.138708800592,0.734584450402,0.716981132075,47.651032624
8950,0.132085284942,0.140047396744,0.734584450402,0.704402515723,47.691976373
8960,0.132052002325,0.140047405143,0.734584450402,0.704402515723,47.735894884
8970,0.142272654371,0.142935921934,0.702412868633,0.710691823899,47.777171287
8980,0.132050518909,0.140395056935,0.731903485255,0.704402515723,47.824196745
8990,0.132046794736,0.140395056906,0.731903485255,0.704402515723,47.865552944
9000,0.132047782692,0.140449881759,0.731903485255,0.704402515723,47.912070555
9010,0.132046794736,0.140395056906,0.731903485255,0.704402515723,47.95674711
9020,0.132046794736,0.140395056906,0.731903485255,0.704402515723,48.003139749
9030,0.132022039647,0.139170673118,0.734584450402,0.710691823899,48.05375676
9040,0.132022039647,0.139170673118,0.734584450402,0.710691823899,48.096425402
9050,0.132022039628,0.139170673113,0.734584450402,0.710691823899,48.137261293
9060,0.132959756278,0.136427672197,0.731903485255,0.716981132075,48.178128565
9070,0.13202203958,0.139170673113,0.734584450402,0.710691823899,48.239121736
9080,0.132818099197,0.142338102151,0.729222520107,0.710691823899,48.303509245
9090,0.13202203958,0.139170673113,0.734584450402,0.710691823899,48.372979156
9100,0.13202203958,0.139170673113,0.734584450402,0.710691823899,48.415218433
9110,0.133857069836,0.135586489651,0.729222520107,0.716981132075,48.467763409
9120,0.131944239209,0.139356416776,0.734584450402,0.710691823899,48.535411251
9130,0.131922812949,0.13965961988,0.734584450402,0.710691823899,48.579084898
9140,0.131911808834,0.139740137822,0.734584450402,0.710691823899,48.620650295
9150,0.133500661879,0.142922117411,0.723860589812,0.710691823899,48.669678823
9160,0.131835634627,0.138780678208,0.734584450402,0.710691823899,48.711930756
9170,0.131835634627,0.138780678208,0.734584450402,0.710691823899,48.753266242
9180,0.131810805342,0.137640163527,0.734584450402,0.716981132075,48.795663475
9190,0.131810805342,0.137640163527,0.734584450402,0.716981132075,48.836669374
9200,0.131796405411,0.13743654371,0.73726541555,0.716981132075,48.938987595
9210,0.131783696252,0.139062749828,0.734584450402,0.704402515723,49.056017579
9220,0.131783007627,0.139062749828,0.734584450402,0.704402515723,49.138861567
9230,0.131783005138,0.139062749819,0.734584450402,0.704402515723,49.181538769
9240,0.131783005138,0.139062749819,0.734584450402,0.704402515723,49.230494657
9250,0.152024979396,0.140692199431,0.689008042895,0.710691823899,49.272211934
9260,0.131696982968,0.139062702883,0.734584450402,0.704402515723,49.323574775
9270,0.131696982968,0.139062702883,0.734584450402,0.704402515723,49.366065926
9280,0.131670323946,0.138765093352,0.734584450402,0.704402515723,49.406539315
9290,0.131641060401,0.138833080713,0.734584450402,0.704402515723,49.454334829
9300,0.131634921361,0.138833080757,0.734584450402,0.704402515723,49.495822939
9310,0.133899174032,0.134577250303,0.729222520107,0.723270440252,49.536656695
9320,0.131630776532,0.138832738391,0.734584450402,0.704402515723,49.577695301
9330,0.131630776532,0.138832738391,0.734584450402,0.704402515723,49.618407128
9340,0.148016593328,0.140172663992,0.69436997319,0.710691823899,49.660052895
9350,0.131630776532,0.138832738391,0.734584450402,0.704402515723,49.709380605
9360,0.131780630238,0.138188888458,0.734584450402,0.704402515723,49.759776134
9370,0.131630776532,0.138832738391,0.734584450402,0.704402515723,49.800898618
9380,0.131630776495,0.13883273839,0.734584450402,0.704402515723,49.85354151
9390,0.132508535927,0.138832499822,0.734584450402,0.704402515723,49.896473966
9400,0.131423073504,0.138832737553,0.73726541555,0.704402515723,49.938269548
9410,0.131423073504,0.138832737553,0.73726541555,0.704402515723,49.983703421
9420,0.132532836447,0.137284770881,0.731903485255,0.723270440252,50.025199411
9430,0.131406011324,0.138734734156,0.73726541555,0.704402515723,50.066461255
9440,0.132669893113,0.140706178379,0.731903485255,0.698113207547,50.110099282
9450,0.130975140231,0.140194277602,0.73726541555,0.710691823899,50.153034702
9460,0.130796911343,0.138965175779,0.73726541555,0.704402515723,50.206577939
9470,0.130770585064,0.138965174644,0.73726541555,0.704402515723,50.260011845
9480,0.130776609514,0.138691490386,0.73726541555,0.710691823899,50.301938346
9490,0.135067192368,0.141212701324,0.710455764075,0.710691823899,50.343772166
9500,0.131550852508,0.139087630876,0.731903485255,0.704402515723,50.386683586
9510,0.130622407338,0.139087004121,0.73726541555,0.704402515723,50.429767358
9520,0.13061908088,0.13908628842,0.73726541555,0.704402515723,50.47175811
9530,0.145165624379,0.136155473926,0.689008042895,0.704402515723,50.5129934
9540,0.130612726295,0.13904071526,0.73726541555,0.704402515723,50.554950007
9550,0.131732719284,0.141323033061,0.731903485255,0.704402515723,50.603947911
9560,0.130550002651,0.139572648269,0.73726541555,0.704402515723,50.668673433
9570,0.130538597027,0.139572648263,0.73726541555,0.704402515723,50.711039951
9580,0.131821133539,0.13957264085,0.731903485255,0.704402515723,50.753954203
9590,0.132086312826,0.140968689515,0.731903485255,0.710691823899,50.798905467
9600,0.130529082113,0.139572648212,0.73726541555,0.704402515723,50.840063143
9610,0.130509046402,0.139572647082,0.73726541555,0.704402515723,50.88195172
9620,0.154827780397,0.140855194672,0.675603217158,0.704402515723,50.924051126
9630,0.130509046402,0.139572647082,0.73726541555,0.704402515723,50.968732621
9640,0.130517694528,0.139592099637,0.73726541555,0.704402515723,51.011802972
9650,0.130496540368,0.139535615585,0.73726541555,0.710691823899,51.076712002
9660,0.130496531379,0.139535615585,0.73726541555,0.710691823899,51.118890708
9670,0.135066745272,0.137988564081,0.71581769437,0.716981132075,51.160789911
9680,0.131119133846,0.137981638961,0.731903485255,0.723270440252,51.203520938
9690,0.130204627676,0.138034285087,0.73726541555,0.716981132075,51.247971778
9700,0.130204627676,0.138034285087,0.73726541555,0.716981132075,51.290216057
9710,0.130204627676,0.138034285087,0.73726541555,0.716981132075,51.331852416
9720,0.130015196997,0.138408070976,0.73726541555,0.710691823899,51.376720578
9730,0.129936643842,0.1384079056,0.73726541555,0.710691823899,51.419994195
9740,0.129936548014,0.1384079056,0.73726541555,0.710691823899,51.486587491
9750,0.129900551261,0.138407904641,0.739946380697,0.710691823899,51.534568832
9760,0.129900551261,0.138407904641,0.739946380697,0.710691823899,51.580041586
9770,0.129720741417,0.137842626674,0.739946380697,0.723270440252,51.626958716
9780,0.129695653745,0.138262695849,0.739946380697,0.710691823899,51.671193589
9790,0.129691685282,0.138273826869,0.739946380697,0.710691823899,51.712820582
9800,0.130031339266,0.137354081364,0.731903485255,0.723270440252,51.754713429
9810,0.129678717362,0.138289204751,0.739946380697,0.710691823899,51.797389017
9820,0.12963047702,0.138289204931,0.739946380697,0.710691823899,51.840720607
9830,0.13102485453,0.13878091103,0.734584450402,0.710691823899,51.900846391
9840,0.129423809448,0.138241987246,0.739946380697,0.710691823899,51.943904865
9850,0.132628549044,0.137322236926,0.723860589812,0.710691823899,51.989158982
9860,0.129391114645,0.138241990594,0.73726541555,0.710691823899,52.032255368
9870,0.131086806724,0.140325260126,0.729222520107,0.704402515723,52.073864722
9880,0.129376285789,0.138255451223,0.739946380697,0.710691823899,52.118591949
9890,0.128986739633,0.13801188573,0.739946380697,0.710691823899,52.159983306
9900,0.129004644038,0.138078651105,0.739946380697,0.710691823899,52.201648293
9910,0.12918986324,0.138011894417,0.739946380697,0.710691823899,52.243179264
9920,0.143904798826,0.137653342355,0.702412868633,0.723270440252,52.294505333
9930,0.131689424308,0.137935969908,0.734584450402,0.710691823899,52.3450837
9940,0.129000939349,0.138011882575,0.739946380697,0.710691823899,52.387260751
9950,0.128947658071,0.13801185511,0.739946380697,0.710691823899,52.429741218
9960,0.128930067587,0.138018557394,0.739946380697,0.710691823899,52.471852347
9970,0.128930067587,0.138018557394,0.739946380697,0.710691823899,52.529742902
9980,0.136080535661,0.137868162713,0.710455764075,0.716981132075,52.579839978
9990,0.133269819951,0.136605824814,0.723860589812,0.716981132075,52.623653114
10000,0.133969164771,0.14069166057,0.72654155496,0.710691823899,52.676907591
